Car Name,Car Mileage,Car Price,Car Rating,Car Review Count,Car Dealer
2023 BMW X3 xDrive30i,,"$53,995",4.6,(627 reviews),Perillo BMW
2023 BMW X3 xDrive30i,,"$53,995",4.6,(627 reviews),Perillo BMW
2023 BMW X5 M50i,,"$98,985",4.7,(225 reviews),McGrath BMW of Elmhurst
2024 BMW 330e xDrive,,"$54,020",4.7,(225 reviews),McGrath BMW of Elmhurst
2023 BMW X5 M50i,,"$94,385",4.7,(225 reviews),McGrath BMW of Elmhurst
2024 BMW 840 i xDrive,,"$107,325",4.7,(225 reviews),McGrath BMW of Elmhurst
2023 BMW X5 M50i,,"$96,185",4.7,(225 reviews),McGrath BMW of Elmhurst
2024 BMW iX M60,,"$119,945",4.7,(225 reviews),McGrath BMW of Elmhurst
2024 BMW X5 xDrive40i,,"$74,095",4.7,(225 reviews),McGrath BMW of Elmhurst
2024 BMW X7 xDrive40i,,"$97,745",4.7,(225 reviews),McGrath BMW of Elmhurst
2024 BMW i4 Gran Coupe eDrive35,,"$57,345",4.7,"(1,845 reviews)",Laurel BMW of Westmont
2024 BMW M340 i xDrive,,"$62,690",4.7,"(1,845 reviews)",Laurel BMW of Westmont
2024 BMW 840 Gran Coupe i xDrive,,"$96,075",4.7,"(1,845 reviews)",Laurel BMW of Westmont
2023 BMW i7 xDrive60,,"$136,345",4.7,"(1,845 reviews)",Laurel BMW of Westmont
2023 BMW XM Base,,"$163,395",4.7,"(1,845 reviews)",Laurel BMW of Westmont
2023 BMW XM Base,,"$165,895",4.7,"(1,845 reviews)",Laurel BMW of Westmont
2023 BMW i7 xDrive60,,"$130,345",4.7,"(1,845 reviews)",Laurel BMW of Westmont
2024 BMW X7 M60i,,"$117,225",4.7,"(1,845 reviews)",Laurel BMW of Westmont
2024 BMW ALPINA XB7 Base,,"$154,645",4.4,(864 reviews),BMW of Orland Park
2023 BMW M2 Base,,Not Priced,4.7,(517 reviews),BMW of Schererville
2024 BMW X3 xDrive30i,,Not Priced,4.7,(517 reviews),BMW of Schererville
